000300.XSHG,000001.XSHG,399001.XSHE,399006.XSHE,399018.XSHE
000625.XSHE,688289.XSHG,300782.XSHE,300773.XSHE,300773.XSHE
000703.XSHE,600665.XSHG,300979.XSHE,300782.XSHE,300523.XSHE
002841.XSHE,600405.XSHG,000718.XSHE,300979.XSHE,300672.XSHE
300782.XSHE,600678.XSHG,002064.XSHE,300558.XSHE,300558.XSHE
600031.XSHG,688060.XSHG,002001.XSHE,300433.XSHE,300433.XSHE
300558.XSHE,600690.XSHG,300251.XSHE,300142.XSHE,300142.XSHE
300433.XSHE,688126.XSHG,002440.XSHE,300450.XSHE,300114.XSHE
600999.XSHG,603960.XSHG,002399.XSHE,300251.XSHE,300450.XSHE
600837.XSHG,600476.XSHG,300271.XSHE,300383.XSHE,300648.XSHE
002568.XSHE,600159.XSHG,002653.XSHE,300741.XSHE,300602.XSHE
600872.XSHG,688078.XSHG,002468.XSHE,300747.XSHE,300747.XSHE
300142.XSHE,600629.XSHG,300373.XSHE,300769.XSHE,300624.XSHE
600025.XSHG,601908.XSHG,002945.XSHE,300308.XSHE,300308.XSHE
601318.XSHG,600980.XSHG,002429.XSHE,300896.XSHE,300785.XSHE
601009.XSHG,600490.XSHG,002092.XSHE,300999.XSHE,300271.XSHE
002064.XSHE,600338.XSHG,002273.XSHE,300373.XSHE,300737.XSHE
000066.XSHE,600967.XSHG,300024.XSHE,300024.XSHE,300608.XSHE
300450.XSHE,600165.XSHG,002085.XSHE,300347.XSHE,300206.XSHE
002001.XSHE,603387.XSHG,300821.XSHE,300294.XSHE,300347.XSHE
601108.XSHG,600256.XSHG,000039.XSHE,300357.XSHE,300348.XSHE
601328.XSHG,603108.XSHG,000930.XSHE,300861.XSHE,300593.XSHE
002594.XSHE,600456.XSHG,002683.XSHE,300033.XSHE,300732.XSHE
000963.XSHE,601066.XSHG,300033.XSHE,300628.XSHE,300033.XSHE
603799.XSHG,603496.XSHG,000729.XSHE,300298.XSHE,300628.XSHE
688396.XSHG,600203.XSHG,002091.XSHE,300454.XSHE,300298.XSHE
600690.XSHG,600326.XSHG,002299.XSHE,300783.XSHE,300454.XSHE
601916.XSHG,600689.XSHG,300054.XSHE,300015.XSHE,300520.XSHE
688126.XSHG,688156.XSHG,300379.XSHE,300253.XSHE,300030.XSHE
601816.XSHG,603053.XSHG,002002.XSHE,300768.XSHE,300638.XSHE
003816.XSHE,601878.XSHG,300458.XSHE,300866.XSHE,300379.XSHE
601600.XSHG,605055.XSHG,000951.XSHE,300457.XSHE,300687.XSHE
601225.XSHG,600779.XSHG,000898.XSHE,300146.XSHE,300458.XSHE
600111.XSHG,600389.XSHG,300457.XSHE,300408.XSHE,300866.XSHE
603659.XSHG,600647.XSHG,000627.XSHE,300456.XSHE,300253.XSHE
600183.XSHG,603706.XSHG,002557.XSHE,300212.XSHE,300416.XSHE
688008.XSHG,600130.XSHG,000661.XSHE,300725.XSHE,300768.XSHE
601898.XSHG,600329.XSHG,300408.XSHE,300058.XSHE,300408.XSHE
601162.XSHG,603703.XSHG,300456.XSHE,300775.XSHE,300177.XSHE
601808.XSHG,600973.XSHG,002049.XSHE,300677.XSHE,300659.XSHE
300896.XSHE,605005.XSHG,000927.XSHE,300073.XSHE,300212.XSHE
600030.XSHG,603616.XSHG,002901.XSHE,300676.XSHE,300725.XSHE
300999.XSHE,600267.XSHG,002958.XSHE,300529.XSHE,300607.XSHE
601966.XSHG,600257.XSHG,000685.XSHE,300759.XSHE,300709.XSHE
600196.XSHG,601155.XSHG,002493.XSHE,300751.XSHE,300562.XSHE
601901.XSHG,600809.XSHG,000686.XSHE,300682.XSHE,300604.XSHE
601100.XSHG,603136.XSHG,000547.XSHE,300012.XSHE,300676.XSHE
002271.XSHE,603038.XSHG,002558.XSHE,300748.XSHE,300529.XSHE
002709.XSHE,688418.XSHG,000060.XSHE,300498.XSHE,300119.XSHE
000858.XSHE,603330.XSHG,300677.XSHE,300750.XSHE,300130.XSHE
600352.XSHG,600063.XSHG,300604.XSHE,300595.XSHE,300397.XSHE
600346.XSHG,600975.XSHG,300073.XSHE,300413.XSHE,300682.XSHE
600519.XSHG,603527.XSHG,000937.XSHE,300618.XSHE,300751.XSHE
600132.XSHG,605108.XSHG,002281.XSHE,300496.XSHE,300012.XSHE
601607.XSHG,688012.XSHG,002916.XSHE,300832.XSHE,300579.XSHE
600115.XSHG,600067.XSHG,300676.XSHE,300888.XSHE,300750.XSHE
600919.XSHG,600192.XSHG,000415.XSHE,300726.XSHE,300229.XSHE
600795.XSHG,600702.XSHG,002151.XSHE,300760.XSHE,300525.XSHE
601166.XSHG,600036.XSHG,002626.XSHE,300171.XSHE,300496.XSHE
600655.XSHG,600561.XSHG,300118.XSHE,300661.XSHE,300674.XSHE
601799.XSHG,603067.XSHG,000935.XSHE,300144.XSHE,300627.XSHE
600079.XSHG,600219.XSHG,002511.XSHE,300003.XSHE,300639.XSHE
601618.XSHG,603080.XSHG,002145.XSHE,300124.XSHE,300832.XSHE
000333.XSHE,600117.XSHG,002920.XSHE,300369.XSHE,300760.XSHE
600905.XSHG,600488.XSHG,300682.XSHE,300957.XSHE,300171.XSHE
601888.XSHG,601339.XSHG,300751.XSHE,300037.XSHE,300661.XSHE
603486.XSHG,603160.XSHG,300759.XSHE,300390.XSHE,300003.XSHE
300347.XSHE,688278.XSHG,002475.XSHE,300973.XSHE,300124.XSHE
002252.XSHE,603444.XSHG,002185.XSHE,300699.XSHE,300369.XSHE
600926.XSHG,603337.XSHG,000002.XSHE,300476.XSHE,300702.XSHE
601398.XSHG,688513.XSHG,002038.XSHE,300724.XSHE,300007.XSHE
600276.XSHG,603990.XSHG,000709.XSHE,300122.XSHE,300037.XSHE
600436.XSHG,600125.XSHG,003039.XSHE,300841.XSHE,300396.XSHE
600489.XSHG,600533.XSHG,300496.XSHE,300316.XSHE,300685.XSHE
601933.XSHG,601800.XSHG,000568.XSHE,300568.XSHE,300316.XSHE
300033.XSHE,600094.XSHG,002080.XSHE,300463.XSHE,300026.XSHE
300628.XSHE,603929.XSHG,002541.XSHE,300014.XSHE,300463.XSHE
600109.XSHG,605081.XSHG,002120.XSHE,300763.XSHE,300014.XSHE
601211.XSHG,601360.XSHG,002736.XSHE,300502.XSHE,300203.XSHE
002459.XSHE,600383.XSHG,002439.XSHE,300088.XSHE,300474.XSHE
601857.XSHG,603100.XSHG,300832.XSHE,300474.XSHE,300009.XSHE
601066.XSHG,688199.XSHG,002597.XSHE,300001.XSHE,300188.XSHE
002202.XSHE,603586.XSHG,000301.XSHE,300244.XSHE,300482.XSHE
600588.XSHG,600961.XSHG,300702.XSHE,300296.XSHE,300259.XSHE
600760.XSHG,600277.XSHG,002007.XSHE,300009.XSHE,300207.XSHE
600741.XSHG,603915.XSHG,002025.XSHE,300482.XSHE,300136.XSHE
601668.XSHG,600028.XSHG,300973.XSHE,300207.XSHE,300161.XSHE
600061.XSHG,600173.XSHG,002617.XSHE,300136.XSHE,300869.XSHE
603392.XSHG,600097.XSHG,002129.XSHE,300223.XSHE,300503.XSHE
300015.XSHE,603931.XSHG,000021.XSHE,300869.XSHE,300059.XSHE
000596.XSHE,600511.XSHG,300122.XSHE,300070.XSHE,300327.XSHE
300866.XSHE,603808.XSHG,000990.XSHE,300919.XSHE,300601.XSHE
601939.XSHG,688510.XSHG,002812.XSHE,300017.XSHE,300630.XSHE
603882.XSHG,688633.XSHG,000156.XSHE,300059.XSHE,300552.XSHE
688169.XSHG,600710.XSHG,000089.XSHE,300601.XSHE,300358.XSHE
001979.XSHE,600007.XSHG,002460.XSHE,300630.XSHE,300766.XSHE
600019.XSHG,603693.XSHG,300459.XSHE,300115.XSHE,300115.XSHE
300408.XSHE,601002.XSHG,300568.XSHE,300285.XSHE,300285.XSHE
688363.XSHG,600642.XSHG,300026.XSHE,300418.XSHE,300567.XSHE
000661.XSHE,601169.XSHG,000967.XSHE,300567.XSHE,300274.XSHE
601633.XSHG,603266.XSHG,002500.XSHE,300274.XSHE,300286.XSHE
002049.XSHE,601929.XSHG,002926.XSHE,,
601336.XSHG,600633.XSHG,300666.XSHE,,
601998.XSHG,603313.XSHG,300502.XSHE,,
000708.XSHE,603489.XSHG,000977.XSHE,,
601728.XSHG,688109.XSHG,000728.XSHE,,
002493.XSHE,601555.XSHG,000938.XSHE,,
000157.XSHE,688555.XSHG,002004.XSHE,,
601878.XSHG,600776.XSHG,002019.XSHE,,
603087.XSHG,688356.XSHG,002410.XSHE,,
600900.XSHG,600018.XSHG,002414.XSHE,,
600143.XSHG,688396.XSHG,300136.XSHE,,
601990.XSHG,601611.XSHG,002612.XSHE,,
601989.XSHG,600031.XSHG,000783.XSHE,,
300677.XSHE,600703.XSHG,002243.XSHE,,
601868.XSHG,688518.XSHG,002851.XSHE,,
601766.XSHG,600872.XSHG,000630.XSHE,,
601698.XSHG,600216.XSHG,000768.XSHE,,
688009.XSHG,688586.XSHG,000831.XSHE,,
002311.XSHE,603660.XSHG,000960.XSHE,,
600886.XSHG,603227.XSHG,002294.XSHE,,
603899.XSHG,688598.XSHG,002675.XSHE,,
000100.XSHE,600118.XSHG,300616.XSHE,,
002916.XSHE,603036.XSHG,300761.XSHE,,
300676.XSHE,603676.XSHG,300630.XSHE,,
600150.XSHG,601966.XSHG,002967.XSHE,,
601919.XSHG,601333.XSHG,300274.XSHE,,
002415.XSHE,603363.XSHG,002434.XSHE,,
300529.XSHE,600787.XSHG,002841.XSHE,,
601669.XSHG,601016.XSHG,300773.XSHE,,
601238.XSHG,603719.XSHG,300433.XSHE,,
002142.XSHE,688386.XSHG,000902.XSHE,,
601012.XSHG,600489.XSHG,002568.XSHE,,
601985.XSHG,600773.XSHG,002075.XSHE,,
600958.XSHG,601857.XSHG,002670.XSHE,,
002179.XSHE,603035.XSHG,002373.XSHE,,
601628.XSHG,603027.XSHG,300182.XSHE,,
000800.XSHE,600808.XSHG,300671.XSHE,,
601155.XSHG,600621.XSHG,300737.XSHE,,
000776.XSHE,600123.XSHG,002402.XSHE,,
601319.XSHG,600765.XSHG,002271.XSHE,,
600809.XSHG,600824.XSHG,002690.XSHE,,
000876.XSHE,603609.XSHG,000488.XSHE,,
600176.XSHG,601868.XSHG,002078.XSHE,,
601088.XSHG,688379.XSHG,002250.XSHE,,
300274.XSHE,688122.XSHG,002048.XSHE,,
600332.XSHG,605111.XSHG,002252.XSHE,,
000651.XSHE,600820.XSHG,002465.XSHE,,
688111.XSHG,600624.XSHG,300294.XSHE,,
300759.XSHE,601963.XSHG,002212.XSHE,,
688981.XSHG,601188.XSHG,000818.XSHE,,
600745.XSHG,600828.XSHG,002312.XSHE,,
002008.XSHE,603214.XSHG,300357.XSHE,,
002475.XSHE,600008.XSHG,300628.XSHE,,
600018.XSHG,601677.XSHG,300454.XSHE,,
601216.XSHG,600184.XSHG,300638.XSHE,,
002304.XSHE,600508.XSHG,300783.XSHE,,
000002.XSHE,688015.XSHG,300253.XSHE,,
600016.XSHG,600064.XSHG,002498.XSHE,,
600547.XSHG,600459.XSHG,300212.XSHE,,
688012.XSHG,603239.XSHG,002245.XSHE,,
601865.XSHG,601177.XSHG,002074.XSHE,,
600050.XSHG,688595.XSHG,000591.XSHE,,
601838.XSHG,688200.XSHG,002507.XSHE,,
300498.XSHE,605008.XSHG,002155.XSHE,,
300750.XSHE,688311.XSHG,002595.XSHE,,
600309.XSHG,688312.XSHG,300257.XSHE,,
300595.XSHE,605377.XSHG,300068.XSHE,,
600009.XSHG,605122.XSHG,002372.XSHE,,
601788.XSHG,601005.XSHG,300894.XSHE,,
002555.XSHE,601609.XSHG,001965.XSHE,,
300413.XSHE,603859.XSHG,000932.XSHE,,
002602.XSHE,600850.XSHG,000100.XSHE,,
000568.XSHE,600660.XSHG,300529.XSHE,,
002241.XSHE,600272.XSHG,300133.XSHE,,
600036.XSHG,600560.XSHG,000776.XSHE,,
600104.XSHG,688202.XSHG,000876.XSHE,,
603986.XSHG,600057.XSHG,000513.XSHE,,
605499.XSHG,688128.XSHG,000651.XSHE,,
688561.XSHG,601992.XSHG,002203.XSHE,,
002938.XSHE,601236.XSHG,002643.XSHE,,
603259.XSHG,600610.XSHG,300012.XSHE,,
002120.XSHE,600188.XSHG,002233.XSHE,,
002736.XSHE,603506.XSHG,000778.XSHE,,
601138.XSHG,688025.XSHG,000883.XSHE,,
601601.XSHG,600360.XSHG,000987.XSHE,,
601696.XSHG,603810.XSHG,002180.XSHE,,
000538.XSHE,600193.XSHG,002268.XSHE,,
300888.XSHE,603916.XSHG,300498.XSHE,,
002371.XSHE,603260.XSHG,300750.XSHE,,
300760.XSHE,603178.XSHG,002241.XSHE,,
000301.XSHE,601098.XSHG,002706.XSHE,,
002044.XSHE,600213.XSHG,002396.XSHE,,
002466.XSHE,600929.XSHG,300674.XSHE,,
300144.XSHE,600187.XSHG,002368.XSHE,,
601877.XSHG,600158.XSHG,002508.XSHE,,
600585.XSHG,600612.XSHG,300888.XSHE,,
603160.XSHG,603788.XSHG,300661.XSHE,,
300003.XSHE,603638.XSHG,002081.XSHE,,
002236.XSHE,603008.XSHG,000688.XSHE,,
300124.XSHE,603909.XSHG,300037.XSHE,,
000001.XSHE,600989.XSHG,002966.XSHE,,
600848.XSHG,601000.XSHG,300390.XSHE,,
600000.XSHG,605303.XSHG,003035.XSHE,,
002007.XSHE,603039.XSHG,002563.XSHE,,
600660.XSHG,603959.XSHG,002023.XSHE,,
600011.XSHG,688108.XSHG,002727.XSHE,,
600438.XSHG,688058.XSHG,300476.XSHE,,
600918.XSHG,600764.XSHG,000785.XSHE,,
002791.XSHE,600460.XSHG,002946.XSHE,,
601800.XSHG,688127.XSHG,000623.XSHE,,
601881.XSHG,601058.XSHG,000725.XSHE,,
002607.XSHE,603399.XSHG,002110.XSHE,,
603338.XSHG,688288.XSHG,002010.XSHE,,
002601.XSHE,601702.XSHG,300316.XSHE,,
000338.XSHE,600206.XSHG,300236.XSHE,,
002129.XSHE,603881.XSHG,300463.XSHE,,
000786.XSHE,603838.XSHG,300014.XSHE,,
601360.XSHG,600546.XSHG,000921.XSHE,,
300122.XSHE,688065.XSHG,002320.XSHE,,
600383.XSHG,603507.XSHG,300474.XSHE,,
600584.XSHG,603806.XSHG,002050.XSHE,,
601236.XSHG,600893.XSHG,002648.XSHE,,
002027.XSHE,600252.XSHG,000961.XSHE,,
000725.XSHE,605222.XSHG,000723.XSHE,,
600600.XSHG,600336.XSHG,000887.XSHE,,
002812.XSHE,603927.XSHG,002506.XSHE,,
601988.XSHG,601328.XSHG,002030.XSHE,,
601899.XSHG,600705.XSHG,300482.XSHE,,
600406.XSHG,603289.XSHG,002384.XSHE,,
300316.XSHE,603817.XSHG,002603.XSHE,,
603260.XSHG,600668.XSHG,002302.XSHE,,
002460.XSHE,603192.XSHG,002747.XSHE,,
603939.XSHG,601600.XSHG,002138.XSHE,,
002157.XSHE,688218.XSHG,300059.XSHE,,
000425.XSHE,688505.XSHG,002950.XSHE,,
600606.XSHG,688556.XSHG,002600.XSHE,,
600161.XSHG,600587.XSHG,002625.XSHE,,
603019.XSHG,603238.XSHG,000069.XSHE,,
600048.XSHG,600908.XSHG,000555.XSHE,,
600028.XSHG,688559.XSHG,002146.XSHE,,
300014.XSHE,601069.XSHG,000966.XSHE,,
000977.XSHE,600620.XSHG,300285.XSHE,,
600085.XSHG,603010.XSHG,000539.XSHE,,
603501.XSHG,600079.XSHG,300567.XSHE,,
002050.XSHE,605186.XSHG,002304.XSHE,,
000938.XSHE,688139.XSHG,000625.XSHE,,
601186.XSHG,600737.XSHG,000703.XSHE,,
601658.XSHG,601718.XSHG,300558.XSHE,,
601995.XSHG,603679.XSHG,300002.XSHE,,
002410.XSHE,601798.XSHG,300142.XSHE,,
601021.XSHG,603928.XSHG,002745.XSHE,,
601231.XSHG,603886.XSHG,002353.XSHE,,
601390.XSHG,603882.XSHG,002594.XSHE,,
002414.XSHE,600527.XSHG,300747.XSHE,,
600010.XSHG,601939.XSHG,002124.XSHE,,
601377.XSHG,603596.XSHG,002183.XSHE,,
603288.XSHG,603920.XSHG,300769.XSHE,,
600763.XSHG,601336.XSHG,000799.XSHE,,
600362.XSHG,600246.XSHG,002340.XSHE,,
603993.XSHG,688166.XSHG,002481.XSHE,,
600989.XSHG,603041.XSHG,300315.XSHE,,
688036.XSHG,600801.XSHG,002174.XSHE,,
000166.XSHE,603199.XSHG,002332.XSHE,,
603833.XSHG,603179.XSHG,300896.XSHE,,
601818.XSHG,600900.XSHG,000690.XSHE,,
000783.XSHE,601330.XSHG,300999.XSHE,,
002714.XSHE,601886.XSHG,300226.XSHE,,
000063.XSHE,688529.XSHG,002216.XSHE,,
002352.XSHE,601766.XSHG,002262.XSHE,,
601169.XSHG,600586.XSHG,002709.XSHE,,
600029.XSHG,688378.XSHG,002123.XSHE,,
002624.XSHE,603101.XSHG,002936.XSHE,,
603658.XSHG,600802.XSHG,300346.XSHE,,
600887.XSHG,605277.XSHG,000860.XSHE,,
603233.XSHG,601068.XSHG,000997.XSHE,,
600845.XSHG,603323.XSHG,002127.XSHE,,
300059.XSHE,600933.XSHG,000792.XSHE,,
002600.XSHE,603309.XSHG,002701.XSHE,,
000768.XSHE,600613.XSHG,300347.XSHE,,
000069.XSHE,603797.XSHG,000958.XSHE,,
600426.XSHG,688086.XSHG,300633.XSHE,,
603195.XSHG,600229.XSHG,002153.XSHE,,
000895.XSHE,600683.XSHG,000672.XSHE,,
002230.XSHE,603321.XSHG,300861.XSHE,,
603369.XSHG,688698.XSHG,002459.XSHE,,
300601.XSHE,600987.XSHG,000988.XSHE,,
600570.XSHG,600281.XSHG,002202.XSHE,,
601229.XSHG,600114.XSHG,000598.XSHE,,
688599.XSHG,688358.XSHG,002244.XSHE,,
002821.XSHE,600853.XSHG,000596.XSHE,,
600015.XSHG,603290.XSHG,002407.XSHE,,
603517.XSHG,600169.XSHG,001979.XSHE,,
601111.XSHG,688550.XSHG,000708.XSHE,,
601288.XSHG,600096.XSHG,300725.XSHE,,
603806.XSHG,600857.XSHG,001914.XSHE,,
601688.XSHG,600273.XSHG,002458.XSHE,,
600893.XSHG,601881.XSHG,000933.XSHE,,
601006.XSHG,603677.XSHG,002456.XSHE,,
002032.XSHE,688551.XSHG,000157.XSHE,,
002024.XSHE,603131.XSHG,002531.XSHE,,
,600406.XSHG,002217.XSHE,,
,603333.XSHG,000537.XSHE,,
,603636.XSHG,002939.XSHE,,
,600048.XSHG,002221.XSHE,,
,600055.XSHG,002532.XSHE,,
,600218.XSHG,000983.XSHE,,
,600330.XSHG,000758.XSHE,,
,600769.XSHG,000027.XSHE,,
,601577.XSHG,000869.XSHE,,
,688365.XSHG,002415.XSHE,,
,688027.XSHG,000403.XSHE,,
,600755.XSHG,002179.XSHE,,
,600761.XSHG,000877.XSHE,,
,601658.XSHG,300451.XSHE,,
,688081.XSHG,000825.XSHE,,
,603601.XSHG,002408.XSHE,,
,600328.XSHG,002008.XSHE,,
,601021.XSHG,300748.XSHE,,
,600285.XSHG,000959.XSHE,,
,603718.XSHG,002555.XSHE,,
,603166.XSHG,300413.XSHE,,
,603005.XSHG,300770.XSHE,,
,688157.XSHG,002938.XSHE,,
,603580.XSHG,000738.XSHE,,
,688568.XSHG,002918.XSHE,,
,600571.XSHG,002191.XSHE,,
,600015.XSHG,002797.XSHE,,
,600512.XSHG,300726.XSHE,,
,600854.XSHG,002266.XSHE,,
,600794.XSHG,002371.XSHE,,
,601688.XSHG,002044.XSHE,,
,603610.XSHG,002444.XSHE,,
,600088.XSHG,300144.XSHE,,
,600837.XSHG,300003.XSHE,,
,603256.XSHG,000629.XSHE,,
,600025.XSHG,002236.XSHE,,
,600128.XSHG,000739.XSHE,,
,605116.XSHG,002056.XSHE,,
,688039.XSHG,300124.XSHE,,
,603198.XSHG,300369.XSHE,,
,600051.XSHG,300957.XSHE,,
,600429.XSHG,002242.XSHE,,
,601898.XSHG,002791.XSHE,,
,603888.XSHG,300699.XSHE,,
,601106.XSHG,000563.XSHE,,
,605168.XSHG,002607.XSHE,,
,600775.XSHG,300724.XSHE,,
,601166.XSHG,000998.XSHE,,
,603040.XSHG,300841.XSHE,,
,601949.XSHG,000035.XSHE,,
,601158.XSHG,000402.XSHE,,
,603727.XSHG,000425.XSHE,,
,603117.XSHG,002028.XSHE,,
,603978.XSHG,300763.XSHE,,
,688398.XSHG,300244.XSHE,,
,600715.XSHG,300001.XSHE,,
,600746.XSHG,002985.XSHE,,
,603637.XSHG,000830.XSHE,,
,605500.XSHG,002815.XSHE,,
,600446.XSHG,000582.XSHE,,
,600298.XSHG,002847.XSHE,,
,603665.XSHG,300009.XSHE,,
,600648.XSHG,300188.XSHE,,
,600790.XSHG,300207.XSHE,,
,688596.XSHG,300223.XSHE,,
,688095.XSHG,300869.XSHE,,
,603003.XSHG,000012.XSHE,,
,600516.XSHG,002714.XSHE,,
,600748.XSHG,000063.XSHE,,
,603268.XSHG,002352.XSHE,,
,603011.XSHG,002608.XSHE,,
,688026.XSHG,002624.XSHE,,
,601666.XSHG,300072.XSHE,,
,600573.XSHG,300919.XSHE,,
,600876.XSHG,300017.XSHE,,
,603991.XSHG,002385.XSHE,,
,600804.XSHG,002673.XSHE,,
,601238.XSHG,000540.XSHE,,
,601319.XSHG,300418.XSHE,,
,600793.XSHG,002152.XSHE,,
,600684.XSHG,002409.XSHE,,
,600862.XSHG,000786.XSHE,,
,600777.XSHG,300450.XSHE,,
,600731.XSHG,000066.XSHE,,
,600901.XSHG,000155.XSHE,,
,603159.XSHG,300383.XSHE,,
,600479.XSHG,000963.XSHE,,
,603986.XSHG,300741.XSHE,,
,688558.XSHG,000581.XSHE,,
,600077.XSHG,000034.XSHE,,
,601811.XSHG,002176.XSHE,,
,600885.XSHG,002237.XSHE,,
,600126.XSHG,000559.XSHE,,
,600732.XSHG,003816.XSHE,,
,603558.XSHG,000750.XSHE,,
,600148.XSHG,300308.XSHE,,
,601077.XSHG,002773.XSHE,,
,600250.XSHG,002984.XSHE,,
,603803.XSHG,002850.XSHE,,
,688083.XSHG,002387.XSHE,,
,600528.XSHG,000858.XSHE,,
,603551.XSHG,000999.XSHE,,
,600475.XSHG,002195.XSHE,,
,601969.XSHG,000333.XSHE,,
,688183.XSHG,300348.XSHE,,
,600661.XSHG,300376.XSHE,,
,601801.XSHG,000717.XSHE,,
,600503.XSHG,000423.XSHE,,
,603809.XSHG,000807.XSHE,,
,600149.XSHG,300298.XSHE,,
,603129.XSHG,300803.XSHE,,
,600797.XSHG,000671.XSHE,,
,600439.XSHG,300015.XSHE,,
,600600.XSHG,300866.XSHE,,
,601899.XSHG,300768.XSHE,,
,600861.XSHG,300146.XSHE,,
,600928.XSHG,300777.XSHE,,
,688659.XSHG,002131.XSHE,,
,600617.XSHG,002839.XSHE,,
,603688.XSHG,003022.XSHE,,
,600303.XSHG,001872.XSHE,,
,605088.XSHG,002382.XSHE,,
,603358.XSHG,300058.XSHE,,
,601198.XSHG,300775.XSHE,,
,601377.XSHG,002867.XSHE,,
,603288.XSHG,003012.XSHE,,
,603698.XSHG,000733.XSHE,,
,600388.XSHG,002585.XSHE,,
,600320.XSHG,000970.XSHE,,
,600674.XSHG,002311.XSHE,,
,600137.XSHG,002463.XSHE,,
,688030.XSHG,002142.XSHE,,
,600821.XSHG,000400.XSHE,,
,605058.XSHG,000800.XSHE,,
,688661.XSHG,002422.XSHE,,
,688679.XSHG,300085.XSHE,,
,605166.XSHG,002572.XSHE,,
,688165.XSHG,002249.XSHE,,
,688100.XSHG,002948.XSHE,,
,600539.XSHG,002705.XSHE,,
,605369.XSHG,002351.XSHE,,
,688298.XSHG,002756.XSHE,,
,603317.XSHG,000878.XSHE,,
,603816.XSHG,300595.XSHE,,
,603855.XSHG,002505.XSHE,,
,600107.XSHG,002602.XSHE,,
,600133.XSHG,002013.XSHE,,
,600116.XSHG,300618.XSHE,,
,603585.XSHG,000656.XSHE,,
,603588.XSHG,002497.XSHE,,
,603912.XSHG,000401.XSHE,,
,600166.XSHG,000538.XSHE,,
,600316.XSHG,002156.XSHE,,
,603077.XSHG,002389.XSHE,,
,688399.XSHG,002436.XSHE,,
,600997.XSHG,300760.XSHE,,
,600397.XSHG,300171.XSHE,,
,603169.XSHG,002405.XSHE,,
,601298.XSHG,000050.XSHE,,
,603360.XSHG,000528.XSHE,,
,603843.XSHG,000001.XSHE,,
,603031.XSHG,000553.XSHE,,
,603648.XSHG,002423.XSHE,,
,601019.XSHG,000046.XSHE,,
,600396.XSHG,002601.XSHE,,
,603667.XSHG,002461.XSHE,,
,688033.XSHG,300685.XSHE,,
,688536.XSHG,000338.XSHE,,
,688063.XSHG,002027.XSHE,,
,600211.XSHG,000158.XSHE,,
,603716.XSHG,002157.XSHE,,
,600728.XSHG,300166.XSHE,,
,603988.XSHG,002223.XSHE,,
,601456.XSHG,002099.XSHE,,
,601086.XSHG,002430.XSHE,,
,601668.XSHG,000683.XSHE,,
,603021.XSHG,000009.XSHE,,
,600858.XSHG,300088.XSHE,,
,600598.XSHG,000062.XSHE,,
,600391.XSHG,300296.XSHE,,
,601998.XSHG,000028.XSHE,,
,600662.XSHG,000166.XSHE,,
,600071.XSHG,000617.XSHE,,
,603733.XSHG,002831.XSHE,,
,601989.XSHG,300070.XSHE,,
,600903.XSHG,002390.XSHE,,
,603089.XSHG,300623.XSHE,,
,600751.XSHG,000712.XSHE,,
,603197.XSHG,002128.XSHE,,
,603367.XSHG,002925.XSHE,,
,601258.XSHG,000895.XSHE,,
,603606.XSHG,002230.XSHE,,
,688106.XSHG,300601.XSHE,,
,600089.XSHG,002065.XSHE,,
,603006.XSHG,002821.XSHE,,
,603530.XSHG,000975.XSHE,,
,603355.XSHG,300115.XSHE,,
,603326.XSHG,002032.XSHE,,
,605208.XSHG,002978.XSHE,,
,603016.XSHG,002024.XSHE,,
,600027.XSHG,,,
,600199.XSHG,,,
,603389.XSHG,,,
,603903.XSHG,,,
,603023.XSHG,,,
,600050.XSHG,,,
,603226.XSHG,,,
,603876.XSHG,,,
,601228.XSHG,,,
,601366.XSHG,,,
,600190.XSHG,,,
,688819.XSHG,,,
,603015.XSHG,,,
,688188.XSHG,,,
,600873.XSHG,,,
,603725.XSHG,,,
,603316.XSHG,,,
,600815.XSHG,,,
,603615.XSHG,,,
,601918.XSHG,,,
,605136.XSHG,,,
,600469.XSHG,,,
,600243.XSHG,,,
,600771.XSHG,,,
,600998.XSHG,,,
,603860.XSHG,,,
,603299.XSHG,,,
,601988.XSHG,,,
,603967.XSHG,,,
,600075.XSHG,,,
,603871.XSHG,,,
,600894.XSHG,,,
,600649.XSHG,,,
,603999.XSHG,,,
,603700.XSHG,,,
,688567.XSHG,,,
,600162.XSHG,,,
,600375.XSHG,,,
,603356.XSHG,,,
,603228.XSHG,,,
,603589.XSHG,,,
,603969.XSHG,,,
,605183.XSHG,,,
,600202.XSHG,,,
,600343.XSHG,,,
,603992.XSHG,,,
,600022.XSHG,,,
,605228.XSHG,,,
,688369.XSHG,,,
,603458.XSHG,,,
,688618.XSHG,,,
,600185.XSHG,,,
,600630.XSHG,,,
,688001.XSHG,,,
,600178.XSHG,,,
,600644.XSHG,,,
,601288.XSHG,,,
,688099.XSHG,,,
,600993.XSHG,,,
,600228.XSHG,,,
,688606.XSHG,,,
,600970.XSHG,,,
,603712.XSHG,,,
,688059.XSHG,,,
,600830.XSHG,,,
,600207.XSHG,,,
,601225.XSHG,,,
,600495.XSHG,,,
,603697.XSHG,,,
,600073.XSHG,,,
,603707.XSHG,,,
,603297.XSHG,,,
,688179.XSHG,,,
,688077.XSHG,,,
,688368.XSHG,,,
,600519.XSHG,,,
,603331.XSHG,,,
,605169.XSHG,,,
,601512.XSHG,,,
,688516.XSHG,,,
,603701.XSHG,,,
,600846.XSHG,,,
,603633.XSHG,,,
,603055.XSHG,,,
,605177.XSHG,,,
,688617.XSHG,,,
,603982.XSHG,,,
,601952.XSHG,,,
,600727.XSHG,,,
,600985.XSHG,,,
,603009.XSHG,,,
,600280.XSHG,,,
,600323.XSHG,,,
,600838.XSHG,,,
,601698.XSHG,,,
,601919.XSHG,,,
,601628.XSHG,,,
,603773.XSHG,,,
,600230.XSHG,,,
,600136.XSHG,,,
,600874.XSHG,,,
,600707.XSHG,,,
,601788.XSHG,,,
,601163.XSHG,,,
,688561.XSHG,,,
,600258.XSHG,,,
,601890.XSHG,,,
,688687.XSHG,,,
,603115.XSHG,,,
,600507.XSHG,,,
,603618.XSHG,,,
,605155.XSHG,,,
,603283.XSHG,,,
,600578.XSHG,,,
,600693.XSHG,,,
,600848.XSHG,,,
,600827.XSHG,,,
,603666.XSHG,,,
,600513.XSHG,,,
,605266.XSHG,,,
,600692.XSHG,,,
,600179.XSHG,,,
,603088.XSHG,,,
,603320.XSHG,,,
,600510.XSHG,,,
,688093.XSHG,,,
,600708.XSHG,,,
,601616.XSHG,,,
,603708.XSHG,,,
,603127.XSHG,,,
,605399.XSHG,,,
,603167.XSHG,,,
,600825.XSHG,,,
,600763.XSHG,,,
,601615.XSHG,,,
,603025.XSHG,,,
,600583.XSHG,,,
,600676.XSHG,,,
,600712.XSHG,,,
,603335.XSHG,,,
,601686.XSHG,,,
,600033.XSHG,,,
,601518.XSHG,,,
,603030.XSHG,,,
,688005.XSHG,,,
,601579.XSHG,,,
,600643.XSHG,,,
,603598.XSHG,,,
,688677.XSHG,,,
,601860.XSHG,,,
,605218.XSHG,,,
,603536.XSHG,,,
,603887.XSHG,,,
,603755.XSHG,,,
,603868.XSHG,,,
,600183.XSHG,,,
,600345.XSHG,,,
,603398.XSHG,,,
,603997.XSHG,,,
,600704.XSHG,,,
,600350.XSHG,,,
,603218.XSHG,,,
,603958.XSHG,,,
,600448.XSHG,,,
,600965.XSHG,,,
,605100.XSHG,,,
,600120.XSHG,,,
,600851.XSHG,,,
,601727.XSHG,,,
,600588.XSHG,,,
,600095.XSHG,,,
,600061.XSHG,,,
,603980.XSHG,,,
,688580.XSHG,,,
,601900.XSHG,,,
,601633.XSHG,,,
,688136.XSHG,,,
,688020.XSHG,,,
,603739.XSHG,,,
,600222.XSHG,,,
,600235.XSHG,,,
,601375.XSHG,,,
,600156.XSHG,,,
,603687.XSHG,,,
,603203.XSHG,,,
,600208.XSHG,,,
,603345.XSHG,,,
,605389.XSHG,,,
,601101.XSHG,,,
,600237.XSHG,,,
,603682.XSHG,,,
,600197.XSHG,,,
,603378.XSHG,,,
,688277.XSHG,,,
,603416.XSHG,,,
,688317.XSHG,,,
,600605.XSHG,,,
,601928.XSHG,,,
,603590.XSHG,,,
,600635.XSHG,,,
,603515.XSHG,,,
,688336.XSHG,,,
,600313.XSHG,,,
,600522.XSHG,,,
,600742.XSHG,,,
,603188.XSHG,,,
,600435.XSHG,,,
,601399.XSHG,,,
,603301.XSHG,,,
,600297.XSHG,,,
,601956.XSHG,,,
,600020.XSHG,,,
,600738.XSHG,,,
,688011.XSHG,,,
,688313.XSHG,,,
,600563.XSHG,,,
,600863.XSHG,,,
,601326.XSHG,,,
,603066.XSHG,,,
,688057.XSHG,,,
,600410.XSHG,,,
,605286.XSHG,,,
,688118.XSHG,,,
,601995.XSHG,,,
,600155.XSHG,,,
,600823.XSHG,,,
,600714.XSHG,,,
,600496.XSHG,,,
,600811.XSHG,,,
,600426.XSHG,,,
,688377.XSHG,,,
,603566.XSHG,,,
,601229.XSHG,,,
,600152.XSHG,,,
,600667.XSHG,,,
,688338.XSHG,,,
,688029.XSHG,,,
,688310.XSHG,,,
,601200.XSHG,,,
,600865.XSHG,,,
,601916.XSHG,,,
,605050.XSHG,,,
,688178.XSHG,,,
,603269.XSHG,,,
,600819.XSHG,,,
,600984.XSHG,,,
,601162.XSHG,,,
,600196.XSHG,,,
,603861.XSHG,,,
,603033.XSHG,,,
,605128.XSHG,,,
,600021.XSHG,,,
,600231.XSHG,,,
,600115.XSHG,,,
,600455.XSHG,,,
,600523.XSHG,,,
,601717.XSHG,,,
,688181.XSHG,,,
,603779.XSHG,,,
,603029.XSHG,,,
,600109.XSHG,,,
,603936.XSHG,,,
,600293.XSHG,,,
,600760.XSHG,,,
,600380.XSHG,,,
,600883.XSHG,,,
,600466.XSHG,,,
,688488.XSHG,,,
,605001.XSHG,,,
,605151.XSHG,,,
,688308.XSHG,,,
,600717.XSHG,,,
,600834.XSHG,,,
,600131.XSHG,,,
,600579.XSHG,,,
,688028.XSHG,,,
,600251.XSHG,,,
,688186.XSHG,,,
,688981.XSHG,,,
,603966.XSHG,,,
,600080.XSHG,,,
,600009.XSHG,,,
,601001.XSHG,,,
,600897.XSHG,,,
,600960.XSHG,,,
,603339.XSHG,,,
,688050.XSHG,,,
,603059.XSHG,,,
,600789.XSHG,,,
,603520.XSHG,,,
,688101.XSHG,,,
,600340.XSHG,,,
,603880.XSHG,,,
,600778.XSHG,,,
,600026.XSHG,,,
,603090.XSHG,,,
,688185.XSHG,,,
,603681.XSHG,,,
,688180.XSHG,,,
,600679.XSHG,,,
,600582.XSHG,,,
,603538.XSHG,,,
,600603.XSHG,,,
,603019.XSHG,,,
,601118.XSHG,,,
,600976.XSHG,,,
,600814.XSHG,,,
,600977.XSHG,,,
,603819.XSHG,,,
,603123.XSHG,,,
,688096.XSHG,,,
,601827.XSHG,,,
,603328.XSHG,,,
,603279.XSHG,,,
,688228.XSHG,,,
,605366.XSHG,,,
,603922.XSHG,,,
,600791.XSHG,,,
,600059.XSHG,,,
,603856.XSHG,,,
,688777.XSHG,,,
,603800.XSHG,,,
,600611.XSHG,,,
,688085.XSHG,,,
,600398.XSHG,,,
,600999.XSHG,,,
,600543.XSHG,,,
,603689.XSHG,,,
,603098.XSHG,,,
,603329.XSHG,,,
,603611.XSHG,,,
,600619.XSHG,,,
,601107.XSHG,,,
,600337.XSHG,,,
,603877.XSHG,,,
,603103.XSHG,,,
,600637.XSHG,,,
,603308.XSHG,,,
,601808.XSHG,,,
,605123.XSHG,,,
,600168.XSHG,,,
,600768.XSHG,,,
,600210.XSHG,,,
,600352.XSHG,,,
,603086.XSHG,,,
,600699.XSHG,,,
,600249.XSHG,,,
,600622.XSHG,,,
,601618.XSHG,,,
,601888.XSHG,,,
,600318.XSHG,,,
,603963.XSHG,,,
,603068.XSHG,,,
,600436.XSHG,,,
,605388.XSHG,,,
,603392.XSHG,,,
,600741.XSHG,,,
,688680.XSHG,,,
,603985.XSHG,,,
,600418.XSHG,,,
,688699.XSHG,,,
,600767.XSHG,,,
,601975.XSHG,,,
,688009.XSHG,,,
,600694.XSHG,,,
,600803.XSHG,,,
,600422.XSHG,,,
,600636.XSHG,,,
,600279.XSHG,,,
,600373.XSHG,,,
,603305.XSHG,,,
,688006.XSHG,,,
,601139.XSHG,,,
,600332.XSHG,,,
,600562.XSHG,,,
,600110.XSHG,,,
,600745.XSHG,,,
,600982.XSHG,,,
,688023.XSHG,,,
,603217.XSHG,,,
,605060.XSHG,,,
,600686.XSHG,,,
,600493.XSHG,,,
,600452.XSHG,,,
,601880.XSHG,,,
,600959.XSHG,,,
,600663.XSHG,,,
,603220.XSHG,,,
,600597.XSHG,,,
,600995.XSHG,,,
,605368.XSHG,,,
,603603.XSHG,,,
,600585.XSHG,,,
,603950.XSHG,,,
,600307.XSHG,,,
,600011.XSHG,,,
,600501.XSHG,,,
,600331.XSHG,,,
,603156.XSHG,,,
,688626.XSHG,,,
,603885.XSHG,,,
,603161.XSHG,,,
,603556.XSHG,,,
,603893.XSHG,,,
,600498.XSHG,,,
,601117.XSHG,,,
,600675.XSHG,,,
,603776.XSHG,,,
,688002.XSHG,,,
,688686.XSHG,,,
,600354.XSHG,,,
,601700.XSHG,,,
,600971.XSHG,,,
,600409.XSHG,,,
,600753.XSHG,,,
,601186.XSHG,,,
,600308.XSHG,,,
,600502.XSHG,,,
,600362.XSHG,,,
,605318.XSHG,,,
,688013.XSHG,,,
,601872.XSHG,,,
,689009.XSHG,,,
,601778.XSHG,,,
,603626.XSHG,,,
,600072.XSHG,,,
,601965.XSHG,,,
,688116.XSHG,,,
,688301.XSHG,,,
,600287.XSHG,,,
,688389.XSHG,,,
,600232.XSHG,,,
,603500.XSHG,,,
,600070.XSHG,,,
,688578.XSHG,,,
,600233.XSHG,,,
,600739.XSHG,,,
,601009.XSHG,,,
,603668.XSHG,,,
,603839.XSHG,,,
,600348.XSHG,,,
,605077.XSHG,,,
,601008.XSHG,,,
,600638.XSHG,,,
,600736.XSHG,,,
,603186.XSHG,,,
,605099.XSHG,,,
,601011.XSHG,,,
,601901.XSHG,,,
,603726.XSHG,,,
,600919.XSHG,,,
,600795.XSHG,,,
,603683.XSHG,,,
,603829.XSHG,,,
,600618.XSHG,,,
,601222.XSHG,,,
,600167.XSHG,,,
,601007.XSHG,,,
,603327.XSHG,,,
,688393.XSHG,,,
,603970.XSHG,,,
,603823.XSHG,,,
,603722.XSHG,,,
,601608.XSHG,,,
,603365.XSHG,,,
,601568.XSHG,,,
,600818.XSHG,,,
,601699.XSHG,,,
,688579.XSHG,,,
,601689.XSHG,,,
,600719.XSHG,,,
,603121.XSHG,,,
,600841.XSHG,,,
,603908.XSHG,,,
,601368.XSHG,,,
,601669.XSHG,,,
,600996.XSHG,,,
,600641.XSHG,,,
,603535.XSHG,,,
,688123.XSHG,,,
,688066.XSHG,,,
,603351.XSHG,,,
,688158.XSHG,,,
,600770.XSHG,,,
,603187.XSHG,,,
,600547.XSHG,,,
,603993.XSHG,,,
,600082.XSHG,,,
,603617.XSHG,,,
,601882.XSHG,,,
,603106.XSHG,,,
,600963.XSHG,,,
,605178.XSHG,,,
,688160.XSHG,,,
,605006.XSHG,,,
,603713.XSHG,,,
,600590.XSHG,,,
,600796.XSHG,,,
,600892.XSHG,,,
,603612.XSHG,,,
,601877.XSHG,,,
,603528.XSHG,,,
,600480.XSHG,,,
,603680.XSHG,,,
,688135.XSHG,,,
,603895.XSHG,,,
,603112.XSHG,,,
,600099.XSHG,,,
,603801.XSHG,,,
,600520.XSHG,,,
,600969.XSHG,,,
,601010.XSHG,,,
,600223.XSHG,,,
,605179.XSHG,,,
,603568.XSHG,,,
,603599.XSHG,,,
,600602.XSHG,,,
,603600.XSHG,,,
,603118.XSHG,,,
,688268.XSHG,,,
,688456.XSHG,,,
,600936.XSHG,,,
,601390.XSHG,,,
,603386.XSHG,,,
,603607.XSHG,,,
,600596.XSHG,,,
,603366.XSHG,,,
,600444.XSHG,,,
,600810.XSHG,,,
,688036.XSHG,,,
,688088.XSHG,,,
,688155.XSHG,,,
,603212.XSHG,,,
,600271.XSHG,,,
,600645.XSHG,,,
,600101.XSHG,,,
,603078.XSHG,,,
,688466.XSHG,,,
,605358.XSHG,,,
,601226.XSHG,,,
,605003.XSHG,,,
,603639.XSHG,,,
,600060.XSHG,,,
,600234.XSHG,,,
,600470.XSHG,,,
,601137.XSHG,,,
,603517.XSHG,,,
,603798.XSHG,,,
,600521.XSHG,,,
,603737.XSHG,,,
,688299.XSHG,,,
,603789.XSHG,,,
,600127.XSHG,,,
,603656.XSHG,,,
,600339.XSHG,,,
,600565.XSHG,,,
,603037.XSHG,,,
,688519.XSHG,,,
,600119.XSHG,,,
,600433.XSHG,,,
,603559.XSHG,,,
,603657.XSHG,,,
,600577.XSHG,,,
,603183.XSHG,,,
,601388.XSHG,,,
,600322.XSHG,,,
,688569.XSHG,,,
,688577.XSHG,,,
,688003.XSHG,,,
,603222.XSHG,,,
,688300.XSHG,,,
,603181.XSHG,,,
,603379.XSHG,,,
,600758.XSHG,,,
,601100.XSHG,,,
,600346.XSHG,,,
,605288.XSHG,,,
,601799.XSHG,,,
,600201.XSHG,,,
,600836.XSHG,,,
,600276.XSHG,,,
,600367.XSHG,,,
,600321.XSHG,,,
,688619.XSHG,,,
,601678.XSHG,,,
,603060.XSHG,,,
,688169.XSHG,,,
,600302.XSHG,,,
,600812.XSHG,,,
,688339.XSHG,,,
,600053.XSHG,,,
,601369.XSHG,,,
,603113.XSHG,,,
,688350.XSHG,,,
,600859.XSHG,,,
,603605.XSHG,,,
,600497.XSHG,,,
,600259.XSHG,,,
,688017.XSHG,,,
,603000.XSHG,,,
,600058.XSHG,,,
,600416.XSHG,,,
,600217.XSHG,,,
,603721.XSHG,,,
,603889.XSHG,,,
,601216.XSHG,,,
,600282.XSHG,,,
,603105.XSHG,,,
,603822.XSHG,,,
,600956.XSHG,,,
,600004.XSHG,,,
,600353.XSHG,,,
,600035.XSHG,,,
,600104.XSHG,,,
,600526.XSHG,,,
,688557.XSHG,,,
,600358.XSHG,,,
,603699.XSHG,,,
,603002.XSHG,,,
,600355.XSHG,,,
,600879.XSHG,,,
,603505.XSHG,,,
,603786.XSHG,,,
,600415.XSHG,,,
,603311.XSHG,,,
,600798.XSHG,,,
,603396.XSHG,,,
,600888.XSHG,,,
,600189.XSHG,,,
,601636.XSHG,,,
,603629.XSHG,,,
,600807.XSHG,,,
,600113.XSHG,,,
,600688.XSHG,,,
,688079.XSHG,,,
,600248.XSHG,,,
,688788.XSHG,,,
,688256.XSHG,,,
,601828.XSHG,,,
,603388.XSHG,,,
,600266.XSHG,,,
,603501.XSHG,,,
,603869.XSHG,,,
,603955.XSHG,,,
,600639.XSHG,,,
,600160.XSHG,,,
,603709.XSHG,,,
,688318.XSHG,,,
,688608.XSHG,,,
,603833.XSHG,,,
,603818.XSHG,,,
,601127.XSHG,,,
,600569.XSHG,,,
,600100.XSHG,,,
,600835.XSHG,,,
,600733.XSHG,,,
,600399.XSHG,,,
,603229.XSHG,,,
,600477.XSHG,,,
,605158.XSHG,,,
,603336.XSHG,,,
,603919.XSHG,,,
,605068.XSHG,,,
,600006.XSHG,,,
,603058.XSHG,,,
,603267.XSHG,,,
,603168.XSHG,,,
,603799.XSHG,,,
,603778.XSHG,,,
,603126.XSHG,,,
,600575.XSHG,,,
,600111.XSHG,,,
,600052.XSHG,,,
,600312.XSHG,,,
,600030.XSHG,,,
,600023.XSHG,,,
,605268.XSHG,,,
,688056.XSHG,,,
,600880.XSHG,,,
,603223.XSHG,,,
,600655.XSHG,,,
,600537.XSHG,,,
,688286.XSHG,,,
,600106.XSHG,,,
,600558.XSHG,,,
,603669.XSHG,,,
,605118.XSHG,,,
,601398.XSHG,,,
,603650.XSHG,,,
,600545.XSHG,,,
,605333.XSHG,,,
,603012.XSHG,,,
,688333.XSHG,,,
,688363.XSHG,,,
,603567.XSHG,,,
,603767.XSHG,,,
,688667.XSHG,,,
,603368.XSHG,,,
,603663.XSHG,,,
,603200.XSHG,,,
,601126.XSHG,,,
,601866.XSHG,,,
,600012.XSHG,,,
,600483.XSHG,,,
,600143.XSHG,,,
,601990.XSHG,,,
,603158.XSHG,,,
,600759.XSHG,,,
,688366.XSHG,,,
,605258.XSHG,,,
,600743.XSHG,,,
,600886.XSHG,,,
,605338.XSHG,,,
,603393.XSHG,,,
,600540.XSHG,,,
,600017.XSHG,,,
,601519.XSHG,,,
,688022.XSHG,,,
,603477.XSHG,,,
,601208.XSHG,,,
,688388.XSHG,,,
,600754.XSHG,,,
,603813.XSHG,,,
,600378.XSHG,,,
,688195.XSHG,,,
,603828.XSHG,,,
,600176.XSHG,,,
,600530.XSHG,,,
,600325.XSHG,,,
,600594.XSHG,,,
,688168.XSHG,,,
,600016.XSHG,,,
,603128.XSHG,,,
,603390.XSHG,,,
,603879.XSHG,,,
,603583.XSHG,,,
,603738.XSHG,,,
,601138.XSHG,,,
,603883.XSHG,,,
,603569.XSHG,,,
,688585.XSHG,,,
,600682.XSHG,,,
,600756.XSHG,,,
,600377.XSHG,,,
,603900.XSHG,,,
,603730.XSHG,,,
,603998.XSHG,,,
,601212.XSHG,,,
,600550.XSHG,,,
,603165.XSHG,,,
,603926.XSHG,,,
,600359.XSHG,,,
,600877.XSHG,,,
,600215.XSHG,,,
,603338.XSHG,,,
,603579.XSHG,,,
,688628.XSHG,,,
,688665.XSHG,,,
,600706.XSHG,,,
,603332.XSHG,,,
,600284.XSHG,,,
,600833.XSHG,,,
,601028.XSHG,,,
,600425.XSHG,,,
,603116.XSHG,,,
,603300.XSHG,,,
,600983.XSHG,,,
,600238.XSHG,,,
,603385.XSHG,,,
,600881.XSHG,,,
,600085.XSHG,,,
,600379.XSHG,,,
,600651.XSHG,,,
,603069.XSHG,,,
,688560.XSHG,,,
,600681.XSHG,,,
,600829.XSHG,,,
,688019.XSHG,,,
,600295.XSHG,,,
,600467.XSHG,,,
,603661.XSHG,,,
,601818.XSHG,,,
,601958.XSHG,,,
,600351.XSHG,,,
,600581.XSHG,,,
,603658.XSHG,,,
,600757.XSHG,,,
,603429.XSHG,,,
,600623.XSHG,,,
,603628.XSHG,,,
,603956.XSHG,,,
,688316.XSHG,,,
,600419.XSHG,,,
,600783.XSHG,,,
,605007.XSHG,,,
,603319.XSHG,,,
,600081.XSHG,,,
,600500.XSHG,,,
,603189.XSHG,,,
,600135.XSHG,,,
,600227.XSHG,,,
,603899.XSHG,,,
,688021.XSHG,,,
,601015.XSHG,,,
,603768.XSHG,,,
,600039.XSHG,,,
,603306.XSHG,,,
,603109.XSHG,,,
,688138.XSHG,,,
,688588.XSHG,,,
,600461.XSHG,,,
,600428.XSHG,,,
,600212.XSHG,,,
,600535.XSHG,,,
,600826.XSHG,,,
,600177.XSHG,,,
,600132.XSHG,,,
,600889.XSHG,,,
,600628.XSHG,,,
,603896.XSHG,,,
,600151.XSHG,,,
,603486.XSHG,,,
,600792.XSHG,,,
,600884.XSHG,,,
,600716.XSHG,,,
,600782.XSHG,,,
,688055.XSHG,,,
,688069.XSHG,,,
,603685.XSHG,,,
,603056.XSHG,,,
,603043.XSHG,,,
,688330.XSHG,,,
,600288.XSHG,,,
,600839.XSHG,,,
,688696.XSHG,,,
,688676.XSHG,,,
,600626.XSHG,,,
,688198.XSHG,,,
,603686.XSHG,,,
,603081.XSHG,,,
,603897.XSHG,,,
,688266.XSHG,,,
,600868.XSHG,,,
,603989.XSHG,,,
,603766.XSHG,,,
,603177.XSHG,,,
,605298.XSHG,,,
,603937.XSHG,,,
,605299.XSHG,,,
,688571.XSHG,,,
,603353.XSHG,,,
,600421.XSHG,,,
,600650.XSHG,,,
,601012.XSHG,,,
,603655.XSHG,,,
,603017.XSHG,,,
,688500.XSHG,,,
,601088.XSHG,,,
,600529.XSHG,,,
,600509.XSHG,,,
,600305.XSHG,,,
,600499.XSHG,,,
,601179.XSHG,,,
,688508.XSHG,,,
,688090.XSHG,,,
,600327.XSHG,,,
,600844.XSHG,,,
,603315.XSHG,,,
,688229.XSHG,,,
,688528.XSHG,,,
,688129.XSHG,,,
,603155.XSHG,,,
,600691.XSHG,,,
,601869.XSHG,,,
,688233.XSHG,,,
,603890.XSHG,,,
,600105.XSHG,,,
,688335.XSHG,,,
,600551.XSHG,,,
,600141.XSHG,,,
,603380.XSHG,,,
,600054.XSHG,,,
,600869.XSHG,,,
,600673.XSHG,,,
,600855.XSHG,,,
,600171.XSHG,,,
,603630.XSHG,,,
,603979.XSHG,,,
,688215.XSHG,,,
,600299.XSHG,,,
,600161.XSHG,,,
,688177.XSHG,,,
,600356.XSHG,,,
,603180.XSHG,,,
,600138.XSHG,,,
,600268.XSHG,,,
,603948.XSHG,,,
,600310.XSHG,,,
,600153.XSHG,,,
,601999.XSHG,,,
,601218.XSHG,,,
,688051.XSHG,,,
,600887.XSHG,,,
,603233.XSHG,,,
,600784.XSHG,,,
,600860.XSHG,,,
,603377.XSHG,,,
,600722.XSHG,,,
,688526.XSHG,,,
,600370.XSHG,,,
,603095.XSHG,,,
,603825.XSHG,,,
,600711.XSHG,,,
,603045.XSHG,,,
,603076.XSHG,,,
,601233.XSHG,,,
,688037.XSHG,,,
,601111.XSHG,,,
,603533.XSHG,,,
,601006.XSHG,,,
,600882.XSHG,,,
,688668.XSHG,,,
,600939.XSHG,,,
,603133.XSHG,,,
,603277.XSHG,,,
,600098.XSHG,,,
,600366.XSHG,,,
,600616.XSHG,,,
,601187.XSHG,,,
,688008.XSHG,,,
,603348.XSHG,,,
,600531.XSHG,,,
,600423.XSHG,,,
,601598.XSHG,,,
,600103.XSHG,,,
,603026.XSHG,,,
,600363.XSHG,,,
,605376.XSHG,,,
,603278.XSHG,,,
,688520.XSHG,,,
,688656.XSHG,,,
,601933.XSHG,,,
,600400.XSHG,,,
,603221.XSHG,,,
,600847.XSHG,,,
,603983.XSHG,,,
,600525.XSHG,,,
,600992.XSHG,,,
,605337.XSHG,,,
,605199.XSHG,,,
,601606.XSHG,,,
,688521.XSHG,,,
,600867.XSHG,,,
,601858.XSHG,,,
,688016.XSHG,,,
,688616.XSHG,,,
,600292.XSHG,,,
,600150.XSHG,,,
,688219.XSHG,,,
,688408.XSHG,,,
,601991.XSHG,,,
,603139.XSHG,,,
,688089.XSHG,,,
,688111.XSHG,,,
,601588.XSHG,,,
,600730.XSHG,,,
,603093.XSHG,,,
,600261.XSHG,,,
,601168.XSHG,,,
,688609.XSHG,,,
,603083.XSHG,,,
,601018.XSHG,,,
,600468.XSHG,,,
,600372.XSHG,,,
,600557.XSHG,,,
,603565.XSHG,,,
,603022.XSHG,,,
,600990.XSHG,,,
,603918.XSHG,,,
,603933.XSHG,,,
,600000.XSHG,,,
,601003.XSHG,,,
,603138.XSHG,,,
,600549.XSHG,,,
,603085.XSHG,,,
,603466.XSHG,,,
,603811.XSHG,,,
,600376.XSHG,,,
,603939.XSHG,,,
,688321.XSHG,,,
,600129.XSHG,,,
,688566.XSHG,,,
,688590.XSHG,,,
,600696.XSHG,,,
,600750.XSHG,,,
,603711.XSHG,,,
,600735.XSHG,,,
,601567.XSHG,,,
,600056.XSHG,,,
,600381.XSHG,,,
,600566.XSHG,,,
,603758.XSHG,,,
,600986.XSHG,,,
,688258.XSHG,,,
,603696.XSHG,,,
,601566.XSHG,,,
,600981.XSHG,,,
,603578.XSHG,,,
,600831.XSHG,,,
,603508.XSHG,,,
,603815.XSHG,,,
,600449.XSHG,,,
,603408.XSHG,,,
,688196.XSHG,,,
,600592.XSHG,,,
,600740.XSHG,,,
,600744.XSHG,,,
,601789.XSHG,,,
,600220.XSHG,,,
,603369.XSHG,,,
,600478.XSHG,,,
,688689.XSHG,,,
,601318.XSHG,,,
,600369.XSHG,,,
,603063.XSHG,,,
,603018.XSHG,,,
,688600.XSHG,,,
,600517.XSHG,,,
,603662.XSHG,,,
,600875.XSHG,,,
,600532.XSHG,,,
,603439.XSHG,,,
,600653.XSHG,,,
,601607.XSHG,,,
,600567.XSHG,,,
,600552.XSHG,,,
,688098.XSHG,,,
,600420.XSHG,,,
,601199.XSHG,,,
,688092.XSHG,,,
,688133.XSHG,,,
,603001.XSHG,,,
,601997.XSHG,,,
,688010.XSHG,,,
,603096.XSHG,,,
,600538.XSHG,,,
,603619.XSHG,,,
,603602.XSHG,,,
,605398.XSHG,,,
,605018.XSHG,,,
,688007.XSHG,,,
,600019.XSHG,,,
,605188.XSHG,,,
,600283.XSHG,,,
,600556.XSHG,,,
,603878.XSHG,,,
,603087.XSHG,,,
,600262.XSHG,,,
,600640.XSHG,,,
,600236.XSHG,,,
,600180.XSHG,,,
,603111.XSHG,,,
,600361.XSHG,,,
,601968.XSHG,,,
,601985.XSHG,,,
,688669.XSHG,,,
,600958.XSHG,,,
,603977.XSHG,,,
,600895.XSHG,,,
,600037.XSHG,,,
,600486.XSHG,,,
,603587.XSHG,,,
,688018.XSHG,,,
,600749.XSHG,,,
,601838.XSHG,,,
,600481.XSHG,,,
,603987.XSHG,,,
,603303.XSHG,,,
,600163.XSHG,,,
,603298.XSHG,,,
,603421.XSHG,,,
,600390.XSHG,,,
,600968.XSHG,,,
,600988.XSHG,,,
,601696.XSHG,,,
,600685.XSHG,,,
,603258.XSHG,,,
,600843.XSHG,,,
,600774.XSHG,,,
,600909.XSHG,,,
,688309.XSHG,,,
,600438.XSHG,,,
,600195.XSHG,,,
,688189.XSHG,,,
,603519.XSHG,,,
,688607.XSHG,,,
,600584.XSHG,,,
,601595.XSHG,,,
,603790.XSHG,,,
,603858.XSHG,,,
,601099.XSHG,,,
,600335.XSHG,,,
,601619.XSHG,,,
,600800.XSHG,,,
,600658.XSHG,,,
,600315.XSHG,,,
,600386.XSHG,,,
,603848.XSHG,,,
,600604.XSHG,,,
,600491.XSHG,,,
,600038.XSHG,,,
,600817.XSHG,,,
,600864.XSHG,,,
,688360.XSHG,,,
,688678.XSHG,,,
,600010.XSHG,,,
,600200.XSHG,,,
,688328.XSHG,,,
,603866.XSHG,,,
,688004.XSHG,,,
,600482.XSHG,,,
,600536.XSHG,,,
,600726.XSHG,,,
,605255.XSHG,,,
,600368.XSHG,,,
,601038.XSHG,,,
,603777.XSHG,,,
,600720.XSHG,,,
,603013.XSHG,,,
,603595.XSHG,,,
,688070.XSHG,,,
,603195.XSHG,,,
,603976.XSHG,,,
,605336.XSHG,,,
,600576.XSHG,,,
,603516.XSHG,,,
,603232.XSHG,,,
,603518.XSHG,,,
,600697.XSHG,,,
,601116.XSHG,,,
,601777.XSHG,,,
,603499.XSHG,,,
,603286.XSHG,,,
,603690.XSHG,,,
,603079.XSHG,,,
,603236.XSHG,,,
,600108.XSHG,,,
,601108.XSHG,,,
,688068.XSHG,,,
,600062.XSHG,,,
,688589.XSHG,,,
,603613.XSHG,,,
,600609.XSHG,,,
,601816.XSHG,,,
,600725.XSHG,,,
,600395.XSHG,,,
,603659.XSHG,,,
,600866.XSHG,,,
,600559.XSHG,,,
,600805.XSHG,,,
,603678.XSHG,,,
,600392.XSHG,,,
,600076.XSHG,,,
,601515.XSHG,,,
,603787.XSHG,,,
,600572.XSHG,,,
,603456.XSHG,,,
,600157.XSHG,,,
,600926.XSHG,,,
,600580.XSHG,,,
,601211.XSHG,,,
,603110.XSHG,,,
,603968.XSHG,,,
,688159.XSHG,,,
,600962.XSHG,,,
,600463.XSHG,,,
,600979.XSHG,,,
,603906.XSHG,,,
,603995.XSHG,,,
,600172.XSHG,,,
,688390.XSHG,,,
,603938.XSHG,,,
,603901.XSHG,,,
,601128.XSHG,,,
,603042.XSHG,,,
,600871.XSHG,,,
,600505.XSHG,,,
,600780.XSHG,,,
,600664.XSHG,,,
,603020.XSHG,,,
,603757.XSHG,,,
,603099.XSHG,,,
,600487.XSHG,,,
,603383.XSHG,,,
,603359.XSHG,,,
,605133.XSHG,,,
,601865.XSHG,,,
,600657.XSHG,,,
,600309.XSHG,,,
,603357.XSHG,,,
,600066.XSHG,,,
,603259.XSHG,,,
,601601.XSHG,,,
,603050.XSHG,,,
,603208.XSHG,,,
,603488.XSHG,,,
,603225.XSHG,,,
,603949.XSHG,,,
,603759.XSHG,,,
,688357.XSHG,,,
,600917.XSHG,,,
,600918.XSHG,,,
,603608.XSHG,,,
,601500.XSHG,,,
,688080.XSHG,,,
,688329.XSHG,,,
,601311.XSHG,,,
,600785.XSHG,,,
,600170.XSHG,,,
,600916.XSHG,,,
,603728.XSHG,,,
,600606.XSHG,,,
,600729.XSHG,,,
,600186.XSHG,,,
,600966.XSHG,,,
,605009.XSHG,,,
,603826.XSHG,,,
,600713.XSHG,,,
,601599.XSHG,,,
,603898.XSHG,,,
,600121.XSHG,,,
,603917.XSHG,,,
,600724.XSHG,,,
,603185.XSHG,,,
,601231.XSHG,,,
,603028.XSHG,,,
,605066.XSHG,,,
,688658.XSHG,,,
,600269.XSHG,,,
,688208.XSHG,,,
,605198.XSHG,,,
,600333.XSHG,,,
,600029.XSHG,,,
,603577.XSHG,,,
,600255.XSHG,,,
,600278.XSHG,,,
,600845.XSHG,,,
,688222.XSHG,,,
,603867.XSHG,,,
,603196.XSHG,,,
,600698.XSHG,,,
,601996.XSHG,,,
,688221.XSHG,,,
,600570.XSHG,,,
,600458.XSHG,,,
,688599.XSHG,,,
,603318.XSHG,,,
,600822.XSHG,,,
,600718.XSHG,,,
,600548.XSHG,,,
,603717.XSHG,,,
,600371.XSHG,,,
